id;codigo_obj;orden_atr;nom_atrib;dominio;tipo_valor;extendido;definicion;comentarios
1;0101a;1;id_vial;;cadena(20);False;Identificador de vial (procedente del catálogo de carreteras de la Red de Transporte del IGN).;
5;0104a;1;id_vial_c;;cadena(20);False;Identificador de los viales compuestos.;
7;0107l;1;id_vial;;cadena(20);False;Identificador del vial.;
18;0107s;1;id_vial;;cadena(20);False;Identificador del vial.;
25;0110l;1;tipo_tramo;ttram_vial;lista_val;False;Tipología de tramo en relación al eje de la vía.;
37;0113l;1;tipo;tipo_0113l;lista_val;False;Tipos de otras vías.;
42;0113s;1;tipo;tipo_0113s;lista_val;False;Tipos de otras vías.;
46;0116p;1;tipo;tipo_0116;lista_val;False;Tipología de servicio de carretera.;
48;0116z;1;id_punto;;cadena(50);False;Identificador cuyo objetivo es relacionar la zona con el elemento puntual que le corresponde.;
51;0119p;1;tipo;tipo_0119;lista_val;False;Tipología de servicio.;
53;0122p;1;id_vial;;cadena(20);False;Identificador de la carretera a la que hace referencia el punto kilométrico. Sólo aplicable para tipo carretera.;
115;0201l;1;tipo_tramo;ttram_curs;lista_val;False;Tipo de tramo del curso natural en función de por dónde discurre.;
60;0125l;1;codigof;;cadena(50);False;Código que identifica a la vía de ferrocarril.;
70;0128p;1;tipo;tipo_0128;lista_val;False;Tipo de estación de ferrocarril.;
75;0128z;1;id_punto;;cadena(50);False;Identificador cuyo objetivo es relacionar la zona con el elemento puntual que le corresponde.;
81;0131l;1;tipo;tipo_0131;lista_val;False;Tipo de transporte suspendido por cable. ;
83;0134p;1;titular;titular;lista_val;False;Organismo titular del puerto. ;
87;0134z;1;id_punto;;cadena(50);False;Identificador cuyo objetivo es relacionar la zona con el elemento puntual que le corresponde.;
92;0137p;1;titular;titular;lista_val;False;Organismo titular del aeródromo.;
102;0137z;1;id_punto;;cadena(50);False;Identificador cuyo objetivo es relacionar la zona con el elemento puntual que le corresponde.;
113;0140s;1;id_punto;;cadena(50);False;Identificador cuyo objetivo es relacionar la zona con el elemento puntual que le corresponde.;
122;0201s;1;nivel_agua;n_agu_0201;lista_val;False;Indica si la geometría registrada corresponde al cauce habitual o es el máximo aparente.;
129;0204l;1;tipo_tramo;ttram_curs;lista_val;False;Tipo de tramo del curso artificial.;
134;0204s;1;tipo;tipo_0204;lista_val;False;Tipo de conducción artificial según características constructivas.;
138;0207s;1;tipo;tipo_0207;lista_val;False;Tipo de lámina de agua según su naturaleza.;
143;0210s;1;nivel_agua;n_agu_0210;lista_val;False;Indica si la geometría registrada corresponde al máximo aparente o a la máxima elevación del embalse.;
146;0213p;1;tipo;tipo_0213;lista_val;False;Tipo de punto hidrográfico según su naturaleza.;
148;0216p;1;tipo;tipo_0216;lista_val;False;Tipo de aguas marinas.;
151;0216s;1;tipo;tipo_0216;lista_val;False;Tipo de aguas marinas.;
154;0219s;1;tipo;tipo_0219;lista_val;False;Tipo de isla según donde se encuentre.;
157;0301l;1;tipo;tipo_0301;lista_val;False;Tipo de la curva de nivel.;
160;0304l;1;sonda;;num_entero;False;Profundidad expresada en metros respecto una superficie de nivel definida como origen.;
161;0307l;1;tipo;tipo_0307l;lista_val;False;Tipo de cambio de pendiente.;
163;0307s;1;tipo;tipo_0307s;lista_val;False;Tipo de cambio de pendiente.;
164;0310p;1;situacion;situ_0310;lista_val;False;Situación del punto de cota.;
172;0313p;1;codigo;;cadena(50);False;Código o identificador que asocia el objeto con otra fuente de datos.;
176;0313l;1;codigo;;cadena(50);False;Código o identificador que asocia el objeto con otra fuente de datos.;
180;0313s;1;codigo;;cadena(50);False;Código o identificador que asocia el objeto con otra fuente de datos.;
184;0401s;1;tipo;tipo_0401s;lista_val;False;Tipo de edificio según sus características constructivas.;
190;0401p;1;tipo;tipo_0401p;lista_val;False;Tipo de edificio según sus características constructivas.;
193;0404s;1;tipo;tipo_0404;lista_val;False;Tipo de construcción según sus características o el uso al que se destina.;
197;0407s;1;tipo;tipo_0407s;lista_val;False;Tipo de otra construcción según sus características constructivas.;
202;0407l;1;tipo;tipo_0407l;lista_val;False;Tipo de otra construcción según sus características constructivas.;
206;0407p;1;tipo;tipo_0407p;lista_val;False;Tipo de otra construcción según sus características constructivas.;
208;0410l;1;tipo;tipo_0410;lista_val;False;Tipo de  del tendido según su función.;
211;0413l;1;tipo_cons;tipo_cons;lista_val;False;Tipo de construcción de la presa, atendiendo a los materiales empleados en la misma.;
216;0413s;1;tipo_cons;tipo_cons;lista_val;False;Tipo de construcción de la presa, atendiendo a los materiales empleados en la misma.;
221;0501p;1;tipo;tipo_0501;lista_val;False;Tipo de servicio o instalación para extracción de materiales.;
225;0501z;1;id_punto;;cadena(50);False;Identificador cuyo objetivo es relacionar la zona con el elemento puntual que le corresponde.;
230;0504p;1;tipo;tipo_0504;lista_val;False;Tipo de servicio o instalación para producción o distribución de diferentes tipos de energía a gran escala.;
232;0504z;1;id_punto;;cadena(50);False;Identificador cuyo objetivo es relacionar la zona con el elemento puntual que le corresponde.;
235;0507p;1;tipo;tipo_0507;lista_val;False;Tipo de industria, servicio o comercio.;
237;0507z;1;id_punto;;cadena(50);False;Identificador cuyo objetivo es relacionar la zona con el elemento puntual que le corresponde.;
240;0510p;1;cod_bic;;cadena(50);False;Código o identificador de Bien de Interés Cultural (BIC), si aplica.;
243;0510z;1;id_punto;;cadena(50);False;Identificador cuyo objetivo es relacionar la zona con el elemento puntual que le corresponde.;
247;0513p;1;cod_bic;;cadena(50);False;Código o identificador de Bien de Interés Cultural (BIC), si aplica.;
250;0513z;1;id_punto;;cadena(50);False;Identificador cuyo objetivo es relacionar la zona con el elemento puntual que le corresponde.;
254;0601p;1;codigo;;cadena(50);False;Código o identificador que asocia el objeto con otra fuente de datos.;
258;0604p;1;codigo;;cadena(50);False;Código o identificador que asocia el objeto con otra fuente de datos.;
262;0607p;1;codigo;;cadena(50);False;Código o identificador que asocia el objeto con otra fuente de datos.;
266;0610p;1;codigo;;cadena(50);False;Código o identificador que asocia el objeto con otra fuente de datos.;
269;0701s;1;tipo;tipo_0701;lista_val;False;Tipo de arbolado forestal.;
274;0704s;1;tipo;tipo_0704;lista_val;False;Tipo de cultivo.;
278;0707s;1;tipo;tipo_0707;lista_val;False;Tipo de cubierta terrestre;
280;0801p;1;tipo;tipo_0801;lista_val;False;Tipo de entidad de población.;
286;0801z;1;id_punto;;cadena(50);False;Identificador cuyo objetivo es relacionar la zona con el elemento puntual que le corresponde.;
293;0804s;1;tipo;tipo_0804;lista_val;False;Tipo de división administrativa.;
295;0901s;1;tipo;tipo_0901;lista_val;False;Tipología general de Espacios Naturales Protegidos;
299;0904l;1;codigo;;cadena(50);False;Código o identificador que asocia el objeto con otra fuente de datos.;
303;0904s;1;codigo;;cadena(50);False;Código o identificador que asocia el objeto con otra fuente de datos.;
2;0101a;2;codigoc;;cadena(50);False;Código que identifica a la carretera.;
6;0104a;2;id_vial_s;;cadena(20);False;Identificador de los viales simples que forman el compuesto.;
8;0107l;2;clase;clase_0107;lista_val;False;Clase de tramo por sus características físicas.;
19;0107s;2;clase;clase_0107;lista_val;False;Clase de tramo por sus características físicas.;
26;0110l;2;calzada;calzada;lista_val;False;Clasificación de los viales en función de su calzada.;
38;0113l;2;situacion;situ_vial;lista_val;False;Situación del tramo según su posición vertical relativa respecto a la superficie terrestre y a otros condicionantes físicos.;
43;0113s;2;situacion;situ_vial;lista_val;False;Situación del tramo según su posición vertical relativa respecto a la superficie terrestre y a otros condicionantes físicos.;
49;0116z;2;tipo;tipo_0116;lista_val;False;Tipología de servicio de carretera.;
54;0122p;2;codigof;;cadena(50);False;Código que identifica a la vía de ferrocarril a la que hace referencia el punto kilométrico. Sólo aplicable para tipo ferrocarril.;
61;0125l;2;tipo_linea;tipo_0125;lista_val;False;Tipo de transporte sobre raíl.;
71;0128p;2;uso;uso_0128;lista_val;False;Uso de la estación de ferrocarril.;
76;0128z;2;tipo;tipo_0128;lista_val;False;Tipo de estación de ferrocarril.;
84;0134p;2;estadofis;esta_trans;lista_val;False;Estado físico en que se encuentra la instalación en relación a su terminación y uso.;
88;0134z;2;titular;titular;lista_val;False;Organismo titular del puerto. ;
93;0137p;2;estadofis;esta_trans;lista_val;False;Estado físico en que se encuentra el aeródromo en relación a su terminación y uso.;
103;0137z;2;titular;titular;lista_val;False;Organismo titular del aeródromo.;
114;0140s;2;tipo;tipo_0140;lista_val;False;Tipo de pista por la que circulan las aeronaves cuando están en tierra.;
116;0201l;2;canalizado;canal_0201;lista_val;False;Indica si se han llevado a cabo obras para encauzar un curso natural de agua, generalmente para evitar inundaciones, afección a otras construcciones o favorecer la navegación.;
123;0201s;2;canalizado;canal_0201;lista_val;False;Indica si se han llevado a cabo obras para encauzar un curso natural de agua, generalmente para evitar inundaciones, afección a otras construcciones o favorecer la navegación.;
130;0204l;2;tipo;tipo_0204;lista_val;False;Tipo de conducción artificial según características constructivas.;
135;0204s;2;situacion;situ_gener;lista_val;False;Situación del curso artificial respecto de la superficie terrestre.;
139;0207s;2;regimen;regim_hidr;lista_val;False;Tipología de lámina de agua según su régimen.;
144;0210s;2;max_elev;;num_real;False;Almacena la máxima elevación de la lámina de agua del embalse. La máxima elevación corresponde al valor de la cota de coronación de la presa asociada menos 2 m.;
158;0301l;2;cota;;num_real;False;Cota de la curva de nivel.;
162;0307l;2;seccion;secc_0307l;lista_val;False;Sección capturada del cambio de pendiente.;
165;0310p;2;tipo;tipo_0310;lista_val;False;Clasificación según la morfología del terreno donde se encuentra.;
173;0313p;2;cod_bic;;cadena(50);False;Código o identificador de Bien de Interés Cultural (BIC), si aplica.;
177;0313l;2;cod_bic;;cadena(50);False;Código o identificador de Bien de Interés Cultural (BIC), si aplica.;
181;0313s;2;cod_bic;;cadena(50);False;Código o identificador de Bien de Interés Cultural (BIC), si aplica.;
185;0401s;2;estadofis;esta_gener;lista_val;False;Estado físico en el que se encuentra la construcción.;
191;0401p;2;estadofis;esta_gener;lista_val;False;Estado físico en el que se encuentra la construcción.;
194;0404s;2;situacion;situ_gener;lista_val;False;Situación de la construcción con respecto al terreno.;
198;0407s;2;situacion;situ_gener;lista_val;False;Situación de la construcción con respecto al terreno.;
203;0407l;2;situacion;situ_gener;lista_val;False;Situación de la construcción con respecto al terreno.;
212;0413l;2;tipo_func;tipo_func;lista_val;False;Tipo de funcionamiento de la presa.;
217;0413s;2;tipo_func;tipo_func;lista_val;False;Tipo de funcionamiento de la presa.;
222;0501p;2;situacion;situ_0501;lista_val;False;Situación del servicio o instalación para extracción de materiales con respecto al terreno.;
226;0501z;2;tipo;tipo_0501;lista_val;False;Tipo de servicio o instalación para extracción de materiales.;
233;0504z;2;tipo;tipo_0504;lista_val;False;Tipo de servicio o instalación para producción o distribución de diferentes tipos de energía a gran escala.;
238;0507z;2;tipo;tipo_0507;lista_val;False;Tipo de industria, servicio o comercio.;
241;0510p;2;tipo;tipo_0510;lista_val;False;Tipo de administración o de equipamiento social.;
244;0510z;2;cod_bic;;cadena(50);False;Código o identificador de Bien de Interés Cultural (BIC), si aplica.;
248;0513p;2;tipo;tipo_0513;lista_val;False;Tipo de punto con interés cultural o de instalación para el deporte o el ocio.;
251;0513z;2;cod_bic;;cadena(50);False;Código o identificador de Bien de Interés Cultural (BIC), si aplica.;
259;0604p;2;titular;;cadena;False;Organismo titular o propietario del Punto Geodésico, responsable de su obra de monumentación.;
263;0607p;2;titular;;cadena;False;Organismo titular o propietario del Punto Geodésico, responsable de su obra de monumentación.;
267;0610p;2;titular;;cadena;False;Organismo titular o propietario del Punto Geodésico, responsable de su obra de monumentación.;
270;0701s;2;plantacion;plantacion;lista_val;False;Indica si el arbolado constituye una repoblación forestal reciente (plantación artificial).;
275;0704s;2;riego;riego;lista_val;False;Tipo de cultivo según su riego.;
281;0801p;2;ine;ine_0801;lista_val;False;Indica si la entidad de población figura o no en el nomenclátor del Instituto Nacional de Estadística (INE).;
287;0801z;2;tipo;tipo_0801;lista_val;False;Tipo de entidad de población.;
294;0804s;2;codig_ua;;cadena(50);False;Código INE de la unidad administrativa.;
300;0904l;2;tipo;tipo_0904;lista_val;False;Tipo de vía pecuaria según la Ley 3/1995, de 23 de marzo, de Vías Pecuarias.;
304;0904s;2;tipo;tipo_0904;lista_val;False;Tipo de vía pecuaria según la Ley 3/1995, de 23 de marzo, de Vías Pecuarias.;
3;0101a;3;tipo_vial;tipo_vial;lista_val;False;Tipologías de viales considerados en cada una de las clases generales.;
9;0107l;3;orden;orden;lista_val;False;Clasificación basada en la importancia de la carretera en la red.;
20;0107s;3;orden;orden;lista_val;False;Clasificación basada en la importancia de la carretera en la red.;
27;0110l;3;conex_ctra;conex_ctra;lista_val;False;Indica si el tramo de vía urbana constituye una travesía. ;
62;0125l;3;tipo_tramo;ttram_0125;lista_val;False;Tipología de tramo en relación al eje de la vía férrea. ;
72;0128p;3;estadofis;esta_trans;lista_val;False;Estado físico en que se encuentra la estación de ferrocarril en relación a su terminación y uso.;
77;0128z;3;uso;uso_0128;lista_val;False;Uso de la estación de ferrocarril.;
89;0134z;3;estadofis;esta_trans;lista_val;False;Estado físico en que se encuentra la instalación en relación a su terminación y uso.;
94;0137p;3;tipo;tipo_0137;lista_val;False;Tipo de aeródromo.;
104;0137z;3;estadofis;esta_trans;lista_val;False;Estado físico en que se encuentra el aeródromo en relación a su terminación y uso.;
117;0201l;3;regimen;regim_hidr;lista_val;False;Régimen hidrológico que tendría lugar en un tramo de río sin intervención humana significativa en su cuenca vertiente.;
124;0201s;3;regimen;regim_hidr;lista_val;False;Régimen hidrológico que tendría lugar en un tramo de río sin intervención humana significativa en su cuenca vertiente.;
131;0204l;3;situacion;situ_gener;lista_val;False;Situación del curso artificial respecto de la superficie terrestre.;
136;0204s;3;estadofis;esta_gener;lista_val;False;Estado físico en el que se encuentra la construcción del curso artificial.;
166;0310p;3;cota_conv;;num_real;False;Altitud del punto acotado expresada en metros.;
174;0313p;3;tipo;tipo_0313;lista_val;False;Tipo de lugar geográfico.;
178;0313l;3;tipo;tipo_0313;lista_val;False;Tipo de lugar geográfico.;
182;0313s;3;tipo;tipo_0313s;lista_val;False;Tipo de lugar geográfico.;
195;0404s;3;estadofis;esta_gener;lista_val;False;Estado físico en el que se encuentra la construcción de almacenaje.;
199;0407s;3;estadofis;esta_gener;lista_val;False;Estado físico en el que se encuentra la construcción.;
204;0407l;3;estadofis;esta_gener;lista_val;False;Estado físico en el que se encuentra la construcción.;
213;0413l;3;estadofis;esta_gener;lista_val;False;Estado físico en el que se encuentra la presa.;
218;0413s;3;estadofis;esta_gener;lista_val;False;Estado físico en el que se encuentra la presa.;
227;0501z;3;situacion;situ_0501;lista_val;False;Situación del servicio o instalación para extracción de materiales con respecto al terreno.;
245;0510z;3;tipo;tipo_0510;lista_val;False;Tipo de administración o de equipamiento social.;
252;0513z;3;tipo;tipo_0513;lista_val;False;Tipo de zona con interés cultural o de instalación para el deporte o el ocio.;
260;0604p;3;tipo;tipo_0604;lista_val;False;Indica la red geodésica a la que pertenece el Punto Geodésico.;
264;0607p;3;alt_orto;;num_real;False;Altitud ortométrica del punto geodésico. ;
282;0801p;3;codig_ep;;cadena(11);False;"Identificador del Instituto Nacional de Estadística (INE) del Ministerio de Asuntos Económicos y Transformación Digital. 
Código de 11 dígitos con el siguiente formato: dígitos 1,2 provincia; 3, 4, 5 municipio dentro de la provincia; 6, 7 entidad colectiva dentro del municipio (00 si no existe); 8, 9, entidad singular dentro de la entidad colectiva o municipio; 10, 11 núcleos dentro de la entidad singular, utilizando el 99 para el diseminado.
Si la población es INE, su valor se corresponde con el código INE. Si la población es no INE, contiene el código INE al que pertenece dicha población";
288;0801z;3;ine;ine_0801;lista_val;False;Indica si la entidad de población figura o no en el nomenclátor del Instituto Nacional de Estadística (INE).;
4;0101a;4;vial_simpl;vial_simpl;lista_val;False;Indica si el vial es o no simple.;
10;0107l;4;titular;titular;lista_val;False;Organismo titular del tramo de la carretera.;
21;0107s;4;titular;titular;lista_val;False;Organismo titular del tramo de la carretera.;
28;0110l;4;situacion;situ_vial;lista_val;False;Situación del tramo según su posición vertical relativa respecto a la superficie terrestre y a otros condicionantes físicos.;
56;0122p;4;tipo;tipo_pk;lista_val;False;Tipo de punto kilométrico según la vía de comunicación.;
63;0125l;4;situacion;situ_gener;lista_val;False;Situación del tramo según su posición vertical relativa respecto a la superficie terrestre.;
78;0128z;4;estadofis;esta_trans;lista_val;False;Estado físico en que se encuentra la estación de ferrocarril en relación a su terminación y uso.;
95;0137p;4;categoria;categ_0137;lista_val;False;Categoría del aeródromo en función del tipo de vuelo.;
105;0137z;4;tipo;tipo_0137;lista_val;False;Tipo de aeródromo.;
118;0201l;4;jerarquia;jerar_0201;lista_val;False;Clasificación que se establece para el río en su conjunto, según su longitud e importancia respecto al conjunto de ríos de España.;
125;0201s;4;jerarquia;jerar_0201;lista_val;False;Clasificación que se establece para el río en su conjunto, según su longitud e importancia respecto al conjunto de ríos de España.;
132;0204l;4;estadofis;esta_gener;lista_val;False;Estado físico en el que se encuentra la construcción del curso artificial.;
214;0413l;4;cota_coron;;num_real;False;Cota de coronación de la presa.;
219;0413s;4;cota_coron;;num_real;False;Cota de coronación de la presa.;
289;0801z;4;codig_ep;;cadena(11);False;"Identificador del Instituto Nacional de Estadística (INE) del Ministerio de Asuntos Económicos y Transformación Digital. 
Código de 11 dígitos con el siguiente formato: dígitos 1,2 provincia; 3, 4, 5 municipio dentro de la provincia; 6, 7 entidad colectiva dentro del municipio (00 si no existe); 8, 9, entidad singular dentro de la entidad colectiva o municipio; 10, 11 núcleos dentro de la entidad singular, utilizando el 99 para el diseminado.
Si la población es INE, su valor se corresponde con el código INE. Si la población es no INE, contiene el código INE al que pertenece dicha población.";
11;0107l;5;tipo_tramo;ttram_vial;lista_val;False;Tipología de tramo en relación al eje de la vía.;
22;0107s;5;situacion;situ_vial;lista_val;False;Situación del tramo según su posición vertical relativa respecto a la superficie terrestre y a otros condicionantes físicos.;
29;0110l;5;estadofis;esta_trans;lista_val;False;Estado físico en que se encuentra la vía en relación con su terminación y uso.;
57;0122p;5;valor_pk;;num_real;False;Valor del punto kilométrico. ;
64;0125l;5;estadofis;esta_trans;lista_val;False;Estado de uso del tramo de la entidad.;
96;0137p;5;gestion;gest_0137;lista_val;False;Tipología de autoridad que gestiona el funcionamiento de la infraestructura.;
106;0137z;5;categoria;categ_0137;lista_val;False;Categoría del aeródromo en función del tipo de vuelo.;
12;0107l;6;calzada;calzada;lista_val;False;Especifica si la calzada es duplicada o tiene más calzadas aún o única.;
23;0107s;6;estadofis;esta_trans;lista_val;False;Estado físico en que se encuentra la vía en relación con su terminación y uso.;
58;0122p;6;ubicacion;ubicacion;lista_val;False;Ubicación del punto kilométrico según la señal que lo materializa y su posición.;
65;0125l;6;ancho_via;ancho_via;lista_val;False;Ancho del tramo de vía, medido entre sus raíles.;
107;0137z;6;gestion;gest_0137;lista_val;False;Tipología de autoridad que gestiona el funcionamiento de la infraestructura.;
13;0107l;7;situacion;situ_vial;lista_val;False;Situación del tramo según su posición vertical relativa respecto a la superficie terrestre y a otros condicionantes físicos.;
24;0107s;7;acceso;acceso;lista_val;False;Tipo de restricción de acceso a la vía.;
66;0125l;7;electrific;electrific;lista_val;False;Indica si el tramo de vía férrea está electrificado.;
14;0107l;8;estadofis;esta_trans;lista_val;False;Estado físico en que se encuentra la vía en relación con su terminación y uso.;
67;0125l;8;n_vias;n_vias;lista_val;False;Número de vías de que consta el tramo.;
15;0107l;9;acceso;acceso;lista_val;False;Tipo de restricción de acceso a la vía.;
68;0125l;9;titular;titular;lista_val;False;Organismo titular del tramo de la vía férrea.;
156;0222l;1;codigo_ex;;cadena(50);True;Código o identificador que asocia el objeto con otra fuente de datos.;
47;0116p;2;codigo_ex;;cadena(50);True;Código o identificador que asocia el objeto con otra fuente de datos.;
52;0119p;2;codigo_ex;;cadena(50);True;Código o identificador que asocia el objeto con otra fuente de datos.;
82;0131l;2;codigo_ex;;cadena(50);True;Código o identificador que asocia el objeto con otra fuente de datos.;
147;0213p;2;codigo_ex;;cadena(50);True;Código o identificador que asocia el objeto con otra fuente de datos.;
149;0216p;2;codigo_ex;;cadena(50);True;Código o identificador que asocia el objeto con otra fuente de datos.;
152;0216s;2;codigo_ex;;cadena(50);True;Código o identificador que asocia el objeto con otra fuente de datos.;
155;0219s;2;codigo_ex;;cadena(50);True;Código o identificador que asocia el objeto con otra fuente de datos.;
207;0407p;2;codigo_ex;;cadena(50);True;Código o identificador que asocia el objeto con otra fuente de datos.;
209;0410l;2;codigo_ex;;cadena(50);True;Código o identificador que asocia el objeto con otra fuente de datos.;
231;0504p;2;codigo_ex;;cadena(50);True;Código o identificador que asocia el objeto con otra fuente de datos.;
236;0507p;2;codigo_ex;;cadena(50);True;Código o identificador que asocia el objeto con otra fuente de datos.;
255;0601p;2;cd_iers_ex;;cadena(10);True;Identificador IERS del punto GNSS.;
279;0707s;2;codigo_ex;;cadena(50);True;Código o identificador que asocia el objeto con otra fuente de datos.;
296;0901s;2;id_enp_ex;;cadena(50);True;Identificador nacional de Espacio Natural Protegido.;
39;0113l;3;codigo_ex;;cadena(50);True;Código o identificador que asocia el objeto con otra fuente de datos.;
44;0113s;3;codigo_ex;;cadena(50);True;Código o identificador que asocia el objeto con otra fuente de datos.;
50;0116z;3;codigo_ex;;cadena(50);True;Código o identificador que asocia el objeto con otra fuente de datos.;
55;0122p;3;nom_can_ex;;cadena;True;Nombre del canal al que hace referencia el punto kilométrico. Sólo aplicable para tipo canal.;
85;0134p;3;codigo_ex;;cadena(50);True;Código o identificador que asocia el objeto con otra fuente de datos.;
140;0207s;3;codigo_ex;;cadena(50);True;Código o identificador que asocia el objeto con otra fuente de datos.;
145;0210s;3;codigo_ex;;cadena(50);True;Código o identificador que asocia el objeto con otra fuente de datos.;
150;0216p;3;jerar_ex;jerar_0216;lista_val;True;;
153;0216s;3;jerar_ex;jerar_0216;lista_val;True;;
159;0301l;3;categor_ex;categ_0301;lista_val;True;Categoría de la curva de nivel. ;
186;0401s;3;codigo_ex;;cadena(50);True;Código o identificador que asocia el objeto con otra fuente de datos.;
192;0401p;3;codigo_ex;;cadena(50);True;Código o identificador que asocia el objeto con otra fuente de datos.;
210;0410l;3;tension_ex;tension;lista_val;True;Clasificación energética del tendido eléctrico.;
223;0501p;3;codigo_ex;;cadena(50);True;Código o identificador que asocia el objeto con otra fuente de datos.;
234;0504z;3;codigo_ex;;cadena(50);True;Código o identificador que asocia el objeto con otra fuente de datos.;
239;0507z;3;codigo_ex;;cadena(50);True;Código o identificador que asocia el objeto con otra fuente de datos.;
242;0510p;3;codigo_ex;;cadena(50);True;Código o identificador que asocia el objeto con otra fuente de datos.;
249;0513p;3;codigo_ex;;cadena(50);True;Código o identificador que asocia el objeto con otra fuente de datos.;
256;0601p;3;titular_ex;;cadena;True;Organismo titular o propietario del Punto GNSS, responsable de la estación y de su obra de monumentación.;
268;0610p;3;url_ex;;cadena;True;Dirección de acceso a la ficha técnica del punto.;
271;0701s;3;codigo_ex;;cadena(50);True;Código o identificador que asocia el objeto con otra fuente de datos.;
276;0704s;3;codigo_ex;;cadena(50);True;Código o identificador que asocia el objeto con otra fuente de datos.;
297;0901s;3;ca_enp_ex;;cadena(100);True;Identificador de la Comunidad Autónoma del Espacio Natural Protegido.;
301;0904l;3;e_legal_ex;esta_legal;lista_val;True;Estado legal de la vía pecuaria según los actos administrativos descritos en el Capítulo II de la Ley 3/1995. Corresponde con el campo CD_EST_VP del Banco de Datos de la Naturaleza.;
305;0904s;3;e_legal_ex;esta_legal;lista_val;True;Estado legal de la vía pecuaria según los actos administrativos descritos en el Capítulo II de la Ley 3/1995. Corresponde con el campo CD_EST_VP del Banco de Datos de la Naturaleza.;
40;0113l;4;t_tramo_ex;ttram_vial;lista_val;True;Tipología de tramo en relación al eje de la vía.;
45;0113s;4;t_firme_ex;tipo_firme;lista_val;True;Tipo de firme de la vía.;
73;0128p;4;codigo_ex;;cadena(50);True;Código o identificador que asocia el objeto con otra fuente de datos.;
86;0134p;4;uso_ex;uso_0134;lista_val;True;Uso principal al que se dedica el puerto.;
90;0134z;4;codigo_ex;;cadena(50);True;Código o identificador que asocia el objeto con otra fuente de datos.;
137;0204s;4;codigo_ex;;cadena(50);True;Código o identificador que asocia el objeto con otra fuente de datos.;
141;0207s;4;n_agua_ex;n_agu_0207;lista_val;True;Indica si la geometría registrada corresponde al nivel del agua, de la vegetación u otro.;
167;0310p;4;codigo_ex;;cadena(50);True;Código o identificador que asocia el objeto con otra fuente de datos.;
175;0313p;4;jerar_ex;jerar_orog;lista_val;True;Orden de importancia de la cadena montañosa.;
179;0313l;4;jerar_ex;jerar_orog;lista_val;True;Orden de importancia de la cadena montañosa.;
183;0313s;4;jerar_ex;jerar_orog;lista_val;True;Orden de importancia de la cadena montañosa.;
187;0401s;4;uso_ex;uso_0401s;lista_val;True;Uso del edificio (modelo extendido).;
196;0404s;4;codigo_ex;;cadena(50);True;Código o identificador que asocia el objeto con otra fuente de datos.;
200;0407s;4;codigo_ex;;cadena(50);True;Código o identificador que asocia el objeto con otra fuente de datos.;
205;0407l;4;codigo_ex;;cadena(50);True;Código o identificador que asocia el objeto con otra fuente de datos.;
224;0501p;4;estado_ex;esta_0501;lista_val;True;Estado de funcionamiento en el que se encuentra el servicio o instalación para extracción de materiales.;
228;0501z;4;codigo_ex;;cadena(50);True;Código o identificador que asocia el objeto con otra fuente de datos.;
246;0510z;4;codigo_ex;;cadena(50);True;Código o identificador que asocia el objeto con otra fuente de datos.;
253;0513z;4;codigo_ex;;cadena(50);True;Código o identificador que asocia el objeto con otra fuente de datos.;
257;0601p;4;url_ex;;cadena;True;Dirección de acceso a la ficha técnica del punto.;
261;0604p;4;url_ex;;cadena;True;Dirección de acceso a la ficha técnica del punto.;
265;0607p;4;url_ex;;cadena;True;Dirección de acceso a la ficha técnica del punto.;
272;0701s;4;densid_ex;densidad;lista_val;True;Densidad del arbolado.;
277;0704s;4;forzado_ex;forzado;lista_val;True;Indica si el cultivo se desarrolla en invernadero o bajo plástico;
283;0801p;4;cd_ep_ex;;cadena(50);True;Extensiones que se pueden hacer al código INE para discriminar ciertas poblaciones.;
298;0901s;4;desig_a_ex;;cadena(100);True;Código de figura de protección de Espacio Natural Protegido del MITECO.;
302;0904l;4;rnvp_ex;rnvp;lista_val;True;Indica si la vía pecuaria pertenece o no a la Red Nacional de Vías Pecuarias.;
306;0904s;4;rnvp_ex;rnvp;lista_val;True;Indica si la vía pecuaria pertenece o no a la Red Nacional de Vías Pecuarias.;
41;0113l;5;t_firme_ex;tipo_firme;lista_val;True;Tipo de firme de la vía.;
74;0128p;5;n_anden_ex;;num_entero;True;Número de andenes de la estación.;
79;0128z;5;codigo_ex;;cadena(50);True;Código o identificador que asocia el objeto con otra fuente de datos.;
91;0134z;5;uso_ex;uso_0134;lista_val;True;Uso principal al que se dedica el puerto.;
119;0201l;5;codigo_ex;;cadena(50);True;Código o identificador que asocia el objeto con otra fuente de datos.;
126;0201s;5;codigo_ex;;cadena(50);True;Código o identificador que asocia el objeto con otra fuente de datos.;
133;0204l;5;codigo_ex;;cadena(50);True;Código o identificador que asocia el objeto con otra fuente de datos.;
142;0207s;5;salada_ex;salada;lista_val;True;Indica si el agua es salada o no.;
168;0310p;5;p_ctra_ex;p_ctra;lista_val;True;Indica si el punto de cota es o no puerto de carretera.;
188;0401s;5;max_plt_ex;;num_entero;True;Número máximo de plantas de alguna de las partes del edificio.;
201;0407s;5;superfi_ex;superficie;lista_val;True;Tipo de pavimento o revestimiento utilizado en campos, pistas, calles o circuitos deportivos.;
215;0413l;5;codigo_ex;;cadena(50);True;Código o identificador que asocia el objeto con otra fuente de datos.;
220;0413s;5;codigo_ex;;cadena(50);True;Código o identificador que asocia el objeto con otra fuente de datos.;
229;0501z;5;estado_ex;esta_0501;lista_val;True;Estado de funcionamiento en el que se encuentra el servicio o instalación para extracción de materiales.;
273;0701s;5;ribera_ex;ribera;lista_val;True;Indica si el arbolado forma parte de una formación de ribera. ;
284;0801p;5;capit_ex;;cadena(4);True;Indica el tipo de capitalidad de la entidad de población. Se trata de un código de cuatro dígitos en el que el primero corresponde al municipio, el segundo a la provincia, el tercero a la comunidad autónoma y el cuarto al estado. Cada dígito puede valer 0 (no es capital) o 1 (es capital). Ejemplos: 1000 (capital de municipio), 0000 (no es capital), 1100 (capital de municipio y provincia).;
290;0801z;5;cd_ep_ex;;cadena(50);True;Extensiones que se pueden hacer al código INE para discriminar ciertas poblaciones.;
30;0110l;6;ine_via_ex;;cadena(20);True;Identificador INE de la vía urbana.;
80;0128z;6;n_anden_ex;;num_entero;True;Número de andenes de la estación.;
97;0137p;6;cd_iata_ex;;cadena(100);True;Código IATA para la infraestructura.;
120;0201l;6;codmasa_ex;;cadena(50);True;Código de masa de agua que se utiliza en la Directiva Marco del Agua (DMA).;
127;0201s;6;codmasa_ex;;cadena(50);True;Código de masa de agua que se utiliza en la Directiva Marco del Agua (DMA).;
169;0310p;6;promi_ex;;cadena;True;Valor de prominencia del punto de cota.;
189;0401s;6;max_sot_ex;;num_entero;True;Número máximo de sótanos (plantas por debajo de la superficie terrestre) de alguna de las partes del edificio.;
285;0801p;6;id_ep_ex;;num_entero;True;Identificador de entidad de población en IGR_PO del Instituto Geográfico Nacional.;
291;0801z;6;capit_ex;;cadena(4);True;Indica el tipo de capitalidad de la entidad de población. Se trata de un código de cuatro dígitos en el que el primero corresponde al municipio, el segundo a la provincia, el tercero a la comunidad autónoma y el cuarto al estado. Cada dígito puede valer 0 (no es capital) o 1 (es capital). Ejemplos: 1000 (capital de municipio), 0000 (no es capital), 1100 (capital de municipio y provincia).;
31;0110l;7;dgc_via_ex;;num_entero;True;Código numérico que asocia Catastro a los viales urbanos.;
59;0122p;7;sentido_ex;sent_0122;lista_val;True;Sentido creciente o decreciente de la numeración a lo largo de la carretera en el que se encuentra el PK. Es aplicable solo a carreteras.;
98;0137p;7;cd_icao_ex;;cadena(100);True;Código ICAO para la infraestructura.;
108;0137z;7;cd_iata_ex;;cadena(100);True;Código IATA para la infraestructura.;
121;0201l;7;pfaf_pr_ex;;cadena(50);True;Identificador de río completo obtenido mediante la metodología topológica Pfafstetter, pero tomando sólo el PFAF_PARES. Es el identificador utilizado por la Dirección General del Agua (DGA).;
128;0201s;7;pfaf_pr_ex;;cadena(50);True;Identificador de río completo obtenido mediante la metodología topológica Pfafstetter, pero tomando sólo el PFAF_PARES. Es el identificador utilizado por la Dirección General del Agua (DGA).;
170;0310p;7;jerar_ex;jerar_orog;lista_val;True;Orden de importancia de la cima, de acuerdo con criterios de altitud, importancia relativa de las sierras, etc.;
292;0801z;7;id_ep_ex;;num_entero;True;Identificador de entidad de población en IGR_PO del Instituto Geográfico Nacional.;
32;0110l;8;codigo_ex;;cadena(50);True;Código o identificador que asocia el objeto con otra fuente de datos.;
99;0137p;8;codigo_ex;;cadena(50);True;Código o identificador que asocia el objeto con otra fuente de datos.;
109;0137z;8;cd_icao_ex;;cadena(100);True;Código ICAO para la infraestructura.;
171;0310p;8;id_cad_ex;;cadena(50);True;Identificador de la cadena montañosa de menor categoría a la que pertenece. Se le antepone prefijo del productor para que no haya duplicidades.;
33;0110l;9;sentido_ex;sent_calz;lista_val;True;Tipo de sentido de circulación de la calzada;
100;0137p;9;uso_ex;uso_0137;lista_val;True;Tipo de uso que puede realizarse en función de la autoridad que gestiona el tráfico interior en la infraestructura.;
110;0137z;9;codigo_ex;;cadena(50);True;Código o identificador que asocia el objeto con otra fuente de datos.;
16;0107l;10;sentido_ex;sent_calz;lista_val;True;Tipo de sentido de circulación de la calzada;
34;0110l;10;tipoveh_ex;tipo_veh;lista_val;True;Tipo de vehiculo que puede circular por la calzada.;
69;0125l;10;u_princ_ex;u_pri_0125;lista_val;True;Uso predominante de la línea a la que pertenece el tramo;
101;0137p;10;activ_ex;activ_0137;lista_val;True;Tipo de actividad en función de aquello que se transporte. ;
111;0137z;10;uso_ex;uso_0137;lista_val;True;Tipo de uso que puede realizarse en función de la autoridad que gestiona el tráfico interior en la infraestructura.;
17;0107l;11;ncarril_ex;;num_entero;True;Número de carriles del tramo de la calzada considerada.;
35;0110l;11;ncarril_ex;;num_entero;True;Número de carriles del tramo de la calzada considerada.;
112;0137z;11;activ_ex;activ_0137;lista_val;True;Tipo de actividad en función de aquello que se transporte. ;
36;0110l;12;anc_med_ex;;num_entero;True;Ancho medio de la vía.;
