id;orden_atr;nom_atrib;dominio;tipo_valor;extendido;definicion;comentarios;orden_crea
10;10;fuente;;cadena;False;"Fuente o procedencia de los datos. Da cabida tanto a ""método de captura"" como a ""responsable"" u ""organización"" que proporciona datos.";;2
11;11;f_alt_ex;f_altitud;lista_val;True;Cómo se ha obtenido la altitud de la geometría del objeto.;;2
12;12;fecha_ref;;fecha;False;Fecha representativa de creación o modificación del objeto por parte del productor (por ejemplo, fecha del contrato de actualización).;;2
4;4;nom_spa_ex;;cadena;True;Nombre por el que se conoce al objeto geográfico concreto en castellano.;;1
5;5;nom_cat_ex;;cadena;True;Nombre por el que se conoce al objeto geográfico concreto en catalán.;;1
6;6;nom_glg_ex;;cadena;True;Nombre por el que se conoce al objeto geográfico concreto en gallego.;;1
7;7;nom_eus_ex;;cadena;True;Nombre por el que se conoce al objeto geográfico concreto en euskera.;;1
8;8;nom_oci_ex;;cadena;True;Nombre por el que se conoce al objeto geográfico concreto en occitano.;;1
9;9;id_ng_ex;;cadena(50);True;Identificador de nomenclátor (para elementos con nombre y que estén registrados en el nomenclátor).;;1
1;1;id_prod;;cadena(50);False;Identificador del productor. Cadena de texto donde cada productor almacena el identificador que mantiene para cada elemento. Lleva un prefijo del productor.;;1
2;2;nombre;;cadena;False;Nombre por el que se conoce al objeto geográfico concreto.;;1
3;3;idioma;;cadena(11);False;Idioma o idiomas en el que se expresa el nombre.;;1
