id;codigo;nom_corto;nombre;geometria;extendido;definicion;comentarios
1;0101a;catalogo_carretera;Catálogo de carreteras;alfanumérico;False;Listado alfanumérico que contiene todas las carreteras recogidas en inventarios oficiales a las que se les ha asignado un identificador único. Incluye también identificadores para viales compuestos por más de una carretera.;
2;0104a;vial_carretera_compuesto;Vial de carretera compuesto;alfanumérico;False;Listado alfanumérico que contiene los identificadores de los viales de carretera compuestos y su relación con los viales de carretera simples que los forman.;
3;0107l;carretera;Carretera;línea;False;Vía revestida proyectada y construida fundamentalmente para la circulación de vehículos automóviles, constituida por una o varias calzadas.;
4;0107s;carretera;Carretera;polígono;False;Vía revestida proyectada y construida fundamentalmente para la circulación de vehículos automóviles, constituida por una o varias calzadas.;
5;0110l;via_urbana;Vía urbana;línea;False;Vía en el espacio público urbano entre edificios y solares. Incluye las calles fuera de casco urbano, en polígonos industriales o urbanizaciones dispersas.;
6;0113l;otras_vias;Otras vías;línea;False;Vías que no se clasifican dentro de las categorías de carreteras o vías urbanas, pero que son utilizadas para el tránsito de vehículos o personas.;
7;0113s;ex_otras_vias;Otras vías;polígono;True;Vías que no se clasifican dentro de las categorías de carreteras o vías urbanas, pero que son utilizadas para el tránsito de vehículos o personas.;
8;0116p;servicio_carretera;Servicio de carretera;punto;False;Instalaciones asociadas a la movilidad vial para proporcionar diferentes servicios a los viajeros y conductores.;
9;0116z;servicio_carretera;Servicio de carretera;zona;False;Instalaciones asociadas a la movilidad vial para proporcionar diferentes servicios a los viajeros y conductores.;
10;0119p;ex_recarga_repostaje;Punto de recarga o repostaje;punto;True;Punto de recarga o repostaje de vehículos.;
11;0122p;punto_kilometrico;Punto kilométrico;punto;False;Señal asociada a una vía de comunicación para marcar la distancia respecto a un origen definido. Sirve para localizar un punto perteneciente a la infraestructura, midiendo la distancia a lo largo de ella.;
12;0125l;via_ferrea;Vía férrea;línea;False;Vía de transporte destinada a la circulación de vehículos conducidos mediante raíles.;
13;0128p;estacion_fc;Estación de ferrocarril;punto;False;Lugar donde habitualmente paran los vehículos para la subida y bajada de pasajeros y la carga y descarga de mercancías.;
14;0128z;estacion_fc;Estación de ferrocarril;zona;False;Lugar donde habitualmente paran los vehículos para la subida y bajada de pasajeros y la carga y descarga de mercancías.;
15;0131l;transporte_cable;Transporte por cable;línea;False;Remontador mecánico en el que los vehículos están suspendidos de uno o más cables.;
16;0134p;puerto;Puerto;punto;False;Zona definida en la costa o en las orillas de un río que por sus características, naturales o artificiales, sirve para que las embarcaciones realicen operaciones de carga y descarga, embarque y desembarco, etc.;
17;0134z;puerto;Puerto;zona;False;Zona definida en la costa o en las orillas de un río que por sus características, naturales o artificiales, sirve para que las embarcaciones realicen operaciones de carga y descarga, embarque y desembarco, etc.;
18;0137p;aerodromo;Aeródromo;punto;False;Zona definida, sobre tierra o agua, cuyo propósito es ser utilizada total o parcialmente para la llegada, salida y movimiento en superficie de aeronaves y/o helicópteros.;
19;0137z;aerodromo;Aeródromo;zona;False;Zona definida, sobre tierra o agua, cuyo propósito es ser utilizada total o parcialmente para la llegada, salida y movimiento en superficie de aeronaves y/o helicópteros.;
20;0140s;pista_aerodromo;Pista de aeródromo;polígono;False;Área definida en un aeródromo/helipuerto terrestre preparada para el aterrizaje y el despegue de aeronaves.;
21;0201l;curso_natural;Curso natural;línea;False;Curso de agua que recoge los aportes de una cuenca fluvial.;
22;0201s;curso_natural;Curso natural;polígono;False;Curso de agua que recoge los aportes de una cuenca fluvial.;
23;0204l;curso_artificial;Curso artificial;línea;False;Curso de agua creado o muy modificado por la actividad humana.;
24;0204s;curso_artificial;Curso artificial;polígono;False;Infraestructura creada para conducir un curso de agua y utilizarla para diferentes usos.;
25;0207s;lamina_agua;Lámina de agua;polígono;False;Superficie de agua detenida en una zona de modo más o menos estable que no presenta movimiento de traslación continuado en una dirección determinada debido al efecto de la gravedad.;
26;0210s;embalse;Embalse;polígono;False;Masa de agua formada mediante retención artificial de las aguas de una corriente natural.;
27;0213p;punto_hidro;Punto hidrográfico;punto;False;Lugar donde existe un elemento singular desde el punto de vista hidrográfico.;
28;0216p;mar;Mar;punto;False;Masa de agua salada exterior a la línea de costa.;
29;0216s;mar;Mar;polígono;False;Masa de agua salada exterior a la línea de costa.;
30;0219s;isla;Isla;polígono;False;Zona de la superficie terrestre que se encuentra totalmente rodeada de agua, ya sea en el seno del mar, en cursos naturales de agua, lagunas o embalses.;
31;0222l;costa;Costa;línea;False;Límite entre zona terrestre y marítima coincidente con la curva de nivel de cota cero (nivel medio del mar en Alicante). En zonas artificiales (muelles, diques, espigones, rompeolas, terreno ganado al mar, etc.) la línea de costa se ha capturado coincidente con la infraestructura, a una fecha determinada.;
32;0301l;curva_nivel;Curva de nivel;línea;False;Línea imaginaria de altitud constante que sirve para describir la forma tridimensional de la superficie terrestre.;
33;0304l;ex_curva_batimetrica;Curva batimétrica;línea;True;Línea imaginaria de profundidad constante que sirve para describir la forma tridimensional del relieve del fondo marino o lacustre.;
34;0307l;cambio_pendiente;Cambio de pendiente;línea;False;Línea que indica cambios de pendiente.;
35;0307s;cambio_pendiente;Cambio de pendiente;polígono;False;Superficie que indica cambios de pendiente.;
36;0310p;punto_cota;Punto de cota;punto;False;Punto genérico de altitud conocida, que se representa para facilitar la interpretación gráfica de la morfología del terreno.;
38;0313l;lugar_geografico;Lugar geográfico;línea;False;Ubicación específica en la superficie terrestre que puede ser identificada y descrita por sus características físicas, culturales o naturales.;
37;0313p;lugar_geografico;Lugar geográfico;punto;False;Ubicación específica en la superficie terrestre que puede ser identificada y descrita por sus características físicas, culturales o naturales.;
39;0313s;lugar_geografico;Lugar geográfico;polígono;False;Ubicación específica en la superficie terrestre que puede ser identificada y descrita por sus características físicas, culturales o naturales.;
41;0401p;edificacion;Edificación;punto;False;Construcción fija, hecha con materiales resistentes, para habitación humana o para otros usos.;
40;0401s;edificacion;Edificación;polígono;False;Construcción fija, hecha con materiales resistentes, para habitación humana o para otros usos.;
42;0404s;constr_almacenaje;Construcción de almacenaje;polígono;False;Construcciones destinadas a almacenar sustancias, materiales u objetos en su interior.;
44;0407l;otras_construcciones;Otras construcciones;línea;False;Otras construcciones fijas que no se recogen en Edificio.;
45;0407p;otras_construcciones;Otras construcciones;punto;False;Otras construcciones fijas que no se recogen en Edificio.;
43;0407s;otras_construcciones;Otras construcciones;polígono;False;Otras construcciones fijas que no se recogen en Edificio.;
46;0410l;tendido;Tendido;línea;False;Conjunto de cables y otros elementos que constituyen una conducción eléctrica, destinada a diferentes usos.;
47;0413l;presa;Presa;línea;False;Construcción interpuesta transversalmente en un punto de un curso natural o artificial con el objeto de almacenar el agua del mismo, derivarla o regular su curso fuera del cauce.;
48;0413s;presa;Presa;polígono;False;Construcción interpuesta transversalmente en un punto de un curso natural o artificial con el objeto de almacenar el agua del mismo, derivarla o regular su curso fuera del cauce.;
49;0501p;explotacion_materiales;Explotación de materiales;punto;False;Lugar destinado a la extracción y aprovechamiento de algún tipo de mineral o recurso.;
50;0501z;explotacion_materiales;Explotación de materiales;zona;False;Lugar destinado a la extracción y aprovechamiento de algún tipo de mineral o recurso.;
51;0504p;energia;Energía;punto;False;Instalación o estructura para la producción o distribución a gran escala de hidrocarburos o recursos eléctricos incluidos los provenientes de fuentes de energía renovables.;
52;0504z;energia;Energía;zona;False;Instalación o estructura para la producción o distribución a gran escala de hidrocarburos o recursos eléctricos incluidos los provenientes de fuentes de energía renovables.;
53;0507p;industria_serv_com;Industria, servicio y comercio;punto;False;Zona o conjunto de construcciones dedicadas a una actividad industrial, de servicios o comercial.;
54;0507z;industria_serv_com;Industria, servicio y comercio;zona;False;Zona o conjunto de construcciones dedicadas a una actividad industrial, de servicios o comercial.;
55;0510p;admon_equip_social;Administración y equipamiento social;punto;False;Zona asociada a edificios o instalaciones destinadas a fines de atención sanitaria, educativos, militares, de seguridad o servicios generales tanto de la administración pública como de gestión privada.;
56;0510z;admon_equip_social;Administración y equipamiento social;zona;False;Zona asociada a edificios o instalaciones destinadas a fines de atención sanitaria, educativos, militares, de seguridad o servicios generales tanto de la administración pública como de gestión privada.;
57;0513p;cultura_ocio;Cultura y ocio;punto;False;Instalación, construcción o equipamiento destinado a actividades culturales, deportivas o de recreo ya sean públicas o privadas.;
58;0513z;cultura_ocio;Cultura y ocio;zona;False;Instalación, construcción o equipamiento destinado a actividades culturales, deportivas o de recreo ya sean públicas o privadas.;
59;0601p;ex_estacion_gnss;Estación de referencia GNSS;punto;True;Punto señalizado sobre el terreno mediante una obra de monumentación u otro procedimiento, de posición conocida, en el que se coloca un dispositivo fijo para la recepción permanente de señales procedentes de satélites que ofrecen servicio de posicionamiento, pudiendo pertenecer a una o a varias redes de observación de diversa categoría.;
60;0604p;ex_vertice_geodesico;Vértice geodésico;punto;True;Punto señalizado sobre el terreno mediante una obra de monumentación u otro procedimiento, del que se conocen su posición y ciertas magnitudes geodésicas, pudiendo pertenecer a una o a varias redes de diversa tipología.;
61;0607p;ex_punto_nap;Punto de nivelación de alta precisión;punto;True;Punto geodésico perteneciente a una red de Nivelación de Alta Precisión (NAP).;
62;0610p;ex_mareografo;Mareógrafo;punto;True;Punto geodésico donde se realizan observaciones de marea con objeto de determinar el nivel medio del mar.;
63;0701s;ex_arbolado_forestal;Arbolado forestal;polígono;True;Superficie cubierta, al menos en un 25% de su área, por especies forestales arbóreas como manifestación vegetal de estructura vertical dominante, en que se puede diferenciar claramente la copa del tronco.;
64;0704s;ex_cultivo;Cultivo;polígono;True;Zonas cuyas tierras se labran y/o son trabajadas con el fin de obtener algún tipo de aprovechamiento o producción agrícola.;
65;0707s;ex_otras_cubiertas;Otras cubiertas terrestres;polígono;True;Otras cubiertas terrestres distintas a las contempladas en los objetos arbolado forestal y cultivos.;
66;0801p;entidad_poblacion;Entidad de población;punto;False;Área habitable, habitada o excepcionalmente deshabitada que es conocida por una denominación específica que la identifica sin posibilidad de confusión.;
67;0801z;entidad_poblacion;Entidad de población;zona;False;Área habitable, habitada o excepcionalmente deshabitada que es conocida por una denominación específica que la identifica sin posibilidad de confusión.;
68;0804s;ex_unidad_adm;Unidad administrativa;polígono;True;Divisiones territoriales que se utilizan para la organización y la gestión administrativa de un país o región.;
69;0901s;ex_espacio_nat_protegido;Espacio natural protegido;polígono;True;Espacio natural protegido declarado por alguna administración competente en aplicación de la Ley 42/2007, de 13 de diciembre, del Patrimonio Natural y de la Biodiversidad.;
70;0904l;ex_via_pecuaria;Vía pecuaria;línea;True;Vía para la trashumancia del ganado.;
71;0904s;ex_via_pecuaria;Vía pecuaria;polígono;True;Vía para la trashumancia del ganado.;
